[
	{
		"name": "Manchukuo",
		"leaderName": "Emperor Puyi",
		"adjective": ["Manchurian"],
		"startBias": ["Grassland"],
		"preferredVictoryType": "Domination",
		
		"startIntroPart1": "May the blessings of heaven be upon you, O great Nebuchadnezzar, father of mighty and ancient Babylon! Young was the world when Sargon built Babylon some five thousand years ago, long did it grow and prosper, gaining its first empire the eighteenth century BC, under godlike Hammurabi, the giver of law. Although conquered by the Kassites and then by the Assyrians, Babylon endured, emerging phoenix-like from its ashes of destruction and regaining its independence despite its many enemies. Truly was Babylon the center of arts and learning in the ancient world. O Nebuchadnezzar, your empire endured but a short time after your death, falling to the mighty Persians, and then to the Greeks, until the great city was destroyed by 141 BC.",
		"startIntroPart2": "But is Babylon indeed gone forever, great Nebuchadnezzar? Your people look to you to bring the empire back to life once more. Will you accept the challenge? Will you build a civilization that will stand the test of time?",
		
		"declaringWar": "The penultimate destiny for Manchuria to conquer begins...",
		"attacked": "You possibly can't think you can stomp us out?",
		"defeated": "I...did not foresee this, forgive me...",
		"introduction": "Greetings from the rightful Emperor of China, Puyi.",
		
		"neutralHello": "Pay respect to me, foreigner.",
		"hateHello": "I do not tolerate the presence of peasants in my court.",
		
		"tradeRequest": "Manchuria sees your realm as an ideal trading partner.",
				
		"outerColor": [255,83,61],
		"innerColor": [40,0,0],
		"unique": "BUSHIDO",
		"cities": ["Changchun","Shenyang","Harbin","Jinzhou","Anshan","Fushun","Siping","Yanji","Jilin","Mudanjiang",
			"Jiamusi","Hegang","Bei'an","Qiqihar","Baicheng","Hailar","Manzhouli","Yitulihe","Gulian","Dalian",
			"Lushun","Yingkou","Panjin","Fuxin","Tonghua","Baishan","Daqing","Suihua","Yichun","Hinggan",
			"Tongliao","Huludao","Chaoyang","Liaoning","Hulunbuir","Daxing'anling","Benxi","Taishan","Heqixang","Shuangliao"]
	}
]
